Compresa,Particella,CP,Area (ha),Comparto,Governo,Età media,Località,Altitudine min,Altitudine max,Esposizione,Pendenza %,Stazione,Soprassuolo,Note
Serra,1,Serra-1,7.47,A,Fustaia,61,Mulu,840,895,S-E,7,"Fascia fitoclimatica fagetum, suoli appartenenti alle terre brune lisciviate, Podsol Bruni, ricchi di orizzonte A generato su substrato geologico acido (Gneiss e micascisti). La lettiera è spessa ed abbondante dove la copertura arborea è maggiore, in rapida decomposizione. La composizione vegetazionale erbacea è rappresentata dalla florula tipica con Asperula, Anemone, Oxalis ecc.","Fustaia monoplana mista di abete bianco, abete rosso, douglasia, larice castagno ed altre latifoglie di chiara origine artificiale. Poche le piante del vecchio ciclo svettanti e superdominanti rappresentate generalmente da abeti. La fustaia dominata è rappresentata dal castagno. La rinnovazione è generalmente di abete con qualche ontano nelle zone più umide e basse della particella; Il più delle volte essa è completamente aduggiata.",
Serra,2a,Serra-2a,2.95,B,Fustaia,58,Mulu II,855,935,E,9,"Fascia fitoclimatica fagetum, suoli appartenenti alle terre brune lisciviate, Podsol Bruni, ricchi di orizzonte A generato su substrato geologico acido (Gneiss e micascisti). La lettiera è spessa ed abbondante dove la copertura arborea è maggiore, in rapida decomposizione. La composizione vegetazionale erbacea è rappresentata dalla florula tipica con Asperula, Anemone, Oxalis ecc.","Fustaia monoplana mista di abete bianco, faggio, douglasia, ed altre latifoglie, a tratti di chiara origine artificiale. Poche le piante del vecchio ciclo svettanti e superdominanti rappresentate generalmente da abeti.La rinnovazione è generalmente scarsa di abete e faggio; Il più delle volte essa è completamente aduggiata. Nella parte esposta a nord è presente una fustaia transitoria di faggio, proveniente da un ceduo invecchiato, con struttura monoplana.",
Serra,2b,Serra-2b,3.5,F,Ceduo,17,Mulu II,860,950,E,10,"Fascia fitoclimatica fagetum, suoli appartenenti alle terre brune lisciviate, Podsol Bruni, ricchi di orizzonte A generato su substrato geologico acido (Gneiss e micascisti). La lettiera è spessa ed abbondante dove la copertura arborea è maggiore, in rapida decomposizione. La composizione vegetazionale erbacea è rappresentata dalla florula tipica con Asperula, Anemone, Oxalis ecc.","Ceduo di castagno matricinato (50/ha), mediamente una ceppaia contiene circa 10 polloni ed il numero delle ceppaie per ettaro è di circa 1400. Sul piano dominante sono presenti piante di Castagno e Pino laricio.",
Serra,3,Serra-3,18.9,B,Fustaia,78,Cicchitiello,900,1031,N-E,25,"Fascia fitoclimatica fagetum, suoli appartenenti alle terre brune lisciviate, Podsol Bruni, ricchi di orizzonte A generato su substrato geologico acido (Gneiss e micascisti). La lettiera è spessa ed abbondante dove la copertura arborea è maggiore, in rapida decomposizione. La composizione vegetazionale erbacea è rappresentata dalla florula tipica con Asperula, Anemone, Oxalis ecc.","Fustaia monoplana mista di abete bianco, abete rosso, faggio, douglasia, l'ontano è presente lungo i corsi d'acqua, ed altre latifoglie, a tratti di chiara origine artificiale. Le piante del vecchio ciclo svettanti e superdominanti sono rappresentate generalmente da abeti. La fustaia a tratti si presente dominante una spessaia di abete e faggio distribuita per piccoli gruppi. La rinnovazione è generalmente scarsa ed il più delle volte essa è completamente aduggiata.",
Serra,4,Serra-4,14.1,A,Fustaia,88,Scurzunara,930,1035,S-E,22,"Fascia fitoclimatica fagetum, suoli appartenenti alle terre brune lisciviate, Podsol Bruni, ricchi di orizzonte A generato su substrato geologico acido (Gneiss e micascisti). La lettiera è spessa ed abbondante dove la copertura arborea è maggiore, in rapida decomposizione. La composizione vegetazionale erbacea è rappresentata dalla florula tipica con Asperula, Anemone, Oxalis ecc.","Fustaia monoplana, talvolta biplana mista di abete bianco, abete rosso, douglasia, pino laricio e ridotta partecipazione del faggio e del castagno, l'ontano è presente lungo i corsi d'acqua, ed altre latifoglie, a tratti di chiara origine artificiale. Le piante del vecchio ciclo svettanti e superdominanti sono rappresentate generalmente da abeti. La fustaia a tratti si presente dominante una spessaia di abete e faggio distribuita per piccoli gruppi. La rinnovazione è generalmente scarsa ed il più delle volte essa è completamente aduggiata.",
Serra,5,Serra-5,21.6,B,Fustaia,70,Valle del Vento,855,910,,15,"Fascia fitoclimatica fagetum, suoli appartenenti alle terre brune lisciviate, Podsol Bruni, ricchi di orizzonte A generato su substrato geologico acido (Gneiss e micascisti). La lettiera è spessa ed abbondante dove la copertura arborea è maggiore, in rapida decomposizione. La composizione vegetazionale erbacea è rappresentata dalla florula tipica con Asperula, Anemone, Oxalis ecc.","Fustaia a tratti monoplana con ampie superfici biplane miste dominate dall'abete sulle latifoglie presenti. Le piante del vecchio ciclo svettanti e superdominanti sono rappresentate generalmente da abeti. La fustaia a tratti si presenta dominante una perticaia di transizione a fustaia di faggio e abete, distribuita per piccoli gruppi. La rinnovazione è generalmente scarsa ed il più delle volte essa è completamente aduggiata.",
Serra,6,Serra-6,10.1,B,Fustaia,73,Valle del Vento,885,990,S-E,22,"Fascia fitoclimatica fagetum, suoli appartenenti alle terre brune lisciviate, Podsol Bruni, ricchi di orizzonte A generato su substrato geologico acido (Gneiss e micascisti). La lettiera è spessa ed abbondante dove la copertura arborea è maggiore, in rapida decomposizione. La composizione vegetazionale erbacea è rappresentata dalla florula tipica con Asperula, Anemone, Oxalis ecc.","La particella nella parte alta, è interessata da una fustaia biplana di abete e faggio. Il resto della superficie è interessato da una fustaia monoplana con nuclei di douglasia, pino laricio e castagno nella parte bassa. La fustaia a tratti si presenta dominante una perticaia di transizione a fustaia di faggio e abete, distribuita per piccoli gruppi. La rinnovazione è generalmente scarsa ed il più delle volte essa è completamente aduggiata.",
Serra,7,Serra-7,22.84,B,Fustaia,63,Valle del Vento,930,1050,E,22,"Fascia fitoclimatica fagetum, suoli appartenenti alle terre brune lisciviate, Podsol Bruni, ricchi di orizzonte A generato su substrato geologico acido (Gneiss e micascisti). La lettiera è spessa ed abbondante dove la copertura arborea è maggiore, in rapida decomposizione. La composizione vegetazionale erbacea è rappresentata dalla florula tipica con Asperula, Anemone, Oxalis ecc.","La particella nella parte alta, è interessata da una fustaia biplana di pino l. dominante una una spessina di abete bianco. Il resto della superficie è interessato da una fustaia monoplana con nuclei di douglasia, pino laricio nella parte bassa. La rinnovazione è generalmente scarsa ed il più delle volte essa è completamente aduggiata.",
Serra,8,Serra-8,35.9,B,Fustaia,85,Notaio,910,1063,N,20,"Fascia fitoclimatica fagetum, suoli appartenenti alle terre brune lisciviate, Podsol Bruni, ricchi di orizzonte A generato su substrato geologico acido (Gneiss e micascisti). La lettiera è spessa ed abbondante dove la copertura arborea è maggiore, in rapida decomposizione. La composizione vegetazionale erbacea è rappresentata dalla florula tipica con Asperula, Anemone, Oxalis ecc.","La particella nella parte alta, è interessata da una fustaia di pino laricio, utilizzata nel mese di febbraio 2011, il terreno è stato lavorato superficialmente con la ""culla"" e successivamente seminato con abete bianco. Nelle aree mediane e più basse della particella si trova una fustaia mista di abete b. e faggio, con strutture alterne, monoplane e biplane. All'interno della particella è presente un nucleo di abete rosso e sparsi sulla superficie non mancano individui di tasso. Sono presenti, inoltre, nuclei di rinnovazione di abete e faggio.",
Serra,9,Serra-9,31.94,B,Fustaia,85,Il Palmento,850,1005,N,15,"Fascia fitoclimatica fagetum, suoli appartenenti alle terre brune lisciviate, Podsol Bruni, ricchi di orizzonte A generato su substrato geologico acido (Gneiss e micascisti). La lettiera è spessa ed abbondante dove la copertura arborea è maggiore, in rapida decomposizione. La composizione vegetazionale erbacea è rappresentata dalla florula tipica con Asperula, Anemone, Oxalis ecc.","Fustaia di abete b. monoplana con la partecipazione di abete r., faggio, castagno e lungo i canaloni è presente l'ontano. La rinnovazione è scarsa ma presente di rado in piccoli gruppi. La particella è stata martellata ed è in corso di utilizzazione.",
Serra,10b,Serra-10b,32.22,A,Fustaia,93,Semenzaio - Fragolino,820,960,E,10,"Fascia fitoclimatica fagetum, suoli appartenenti alle terre brune lisciviate, Podsol Bruni, ricchi di orizzonte A generato su substrato geologico acido (Gneiss e micascisti). La lettiera è spessa ed abbondante dove la copertura arborea è maggiore, in rapida decomposizione. La composizione vegetazionale erbacea è rappresentata dalla florula tipica con Asperula, Anemone, Oxalis ecc.","Fustaia di abete b. monoplana con la partecipazione di abete r., faggio, castagno e lungo i canaloni è presente l'ontano. La rinnovazione, prevalentemente di abete, è presente spesso a piccoli gruppi e diffusa su tutta la superficie.",
Serra,10a,Serra-10a,11.6,F,Ceduo,82,Il Palmento II,850,885,E,5,"Fascia fitoclimatica fagetum, suoli appartenenti alle terre brune lisciviate, Podsol Bruni, ricchi di orizzonte A generato su substrato geologico acido (Gneiss e micascisti). La lettiera è spessa ed abbondante dove la copertura arborea è maggiore, in rapida decomposizione. La composizione vegetazionale erbacea è rappresentata dalla florula tipica con Asperula, Anemone, Oxalis ecc.","Ceduo di castagno matricinato ( 50/ha), mediamente una ceppaia contiene circa 6 polloni ed il numero delle ceppaie per ettaro è di circa 1400. Sul piano dominante sono presenti piante di Castagno e Abete b.",
Serra,11,Serra-11,36.37,A,Fustaia,84,Il Bottaccio,817,965,E,10,"Fascia fitoclimatica fagetum, suoli appartenenti alle terre brune lisciviate, Podsol Bruni, ricchi di orizzonte A generato su substrato geologico acido (Gneiss e micascisti). La lettiera è spessa ed abbondante dove la copertura arborea è maggiore, in rapida decomposizione. La composizione vegetazionale erbacea è rappresentata dalla florula tipica con Asperula, Anemone, Oxalis ecc.","Fustaia di abete b. monoplana con la partecipazione di abete r., faggio, castagno e lungo i canaloni è presente l'ontano. E' stata riscontrata la presenza di alcune piante di leccio e larice. La rinnovazione, prevalentemente di abete, è presente spesso a piccoli gruppi e diffusa su tutta la superficie.",
Serra,12,Serra-12,44.6,A,Fustaia,87,Notaio II,845,1062,E-S-E,18,"Fascia fitoclimatica fagetum, suoli appartenenti alle terre brune lisciviate, Podsol Bruni, ricchi di orizzonte A generato su substrato geologico acido (Gneiss e micascisti). La lettiera è spessa ed abbondante dove la copertura arborea è maggiore, in rapida decomposizione. La composizione vegetazionale erbacea è rappresentata dalla florula tipica con Asperula, Anemone, Oxalis ecc.","Fustaia di abete b. monoplana con la partecipazione di abete r., faggio, castagno e lungo i canaloni è presente l'ontano. La parte alta della particella è interessata da una fustaia di pino laricio, utilizzata nel mese di febbraio 2011. La rinnovazione, prevalentemente di abete, è presente spesso a piccoli gruppi e diffusa su tutta la superficie. Il resto della superficie è stata martellata da poco tempo.",
Serra,13,Serra-13,21.38,B,Fustaia,87,Tambutiaru - Sonante,1010,1068,N,10,"Fascia fitoclimatica fagetum, suoli appartenenti alle terre brune lisciviate, Podsol Bruni, ricchi di orizzonte A generato su substrato geologico acido (Gneiss e micascisti). La lettiera è spessa ed abbondante dove la copertura arborea è maggiore, in rapida decomposizione. La composizione vegetazionale erbacea è rappresentata dalla florula tipica con Asperula, Anemone, Oxalis ecc.","Fustaia irregolare di abete bianco con faggio, castagno, pino e douglasia. Oltre alla composizione specifica anche la struttura è irregolare. Si alternano aree a fustaie mature di abete con altre a giovani fustaie di faggio nella parte alta della particella. Il piano dominato è di solito rappresentato da perticaia - spessina di abete bianco da liberare Non mancano nuclei di douglasia e pino l.",
Serra,14,Serra-14,30.35,E,Fustaia,73,Michelina,1050,1080,N-E,7,"Fascia fitoclimatica fagetum, suoli appartenenti alle terre brune lisciviate, Podsol Bruni, ricchi di orizzonte A generato su substrato geologico acido (Gneiss e micascisti). La lettiera è spessa ed abbondante dove la copertura arborea è maggiore, in rapida decomposizione. La composizione vegetazionale erbacea è rappresentata dalla florula tipica con Asperula, Anemone, Oxalis ecc.","Fustaia irregolare di abete bianco con faggio, castagno, pino e douglasia. Oltre alla composizione specifica anche la struttura è irregolare. Si alternano aree a fustaie mature di abete con altre a giovani fustaie di faggio. Nella parte alta della particella si trova una fustaia di pino laricio utilizzata nel mese di febbraio 2011. Lungo il crinale si trova una perticaia di abete bianco, intensamente utilizzata in passato. Il piano dominato è di solito rappresentato da perticaia - spessina di abete bianco da liberare Non mancano nuclei di douglasia e pino l.",
Serra,15,Serra-15,23,A,Fustaia,82,Ginestra - Tre Arie,955,1055,N-E,7,"Fascia fitoclimatica fagetum, suoli appartenenti alle terre brune lisciviate, Podsol Bruni, ricchi di orizzonte A generato su substrato geologico acido (Gneiss e micascisti). La lettiera è spessa ed abbondante dove la copertura arborea è maggiore, in rapida decomposizione. La composizione vegetazionale erbacea è rappresentata dalla florula tipica con Asperula, Anemone, Oxalis ecc.","Fustaia monoplana di abete bianco con presenza di faggio, castagno e douglasia. Oltre alla composizione specifica anche la struttura è irregolare. Si alternano aree a fustaie mature di abete con altre a giovani fustaie di faggio. Nella parte alta della particella si trova una fustaia di abete completamente pianeggiante già interessata da una martellata. Il piano dominato è di solito rappresentato da spessina di abete bianco da liberare.",
Serra,16,Serra-16,35.3,B,Fustaia,88,Ginestra - Li Sardi,845,998,N-E,10,"Fascia fitoclimatica fagetum, suoli appartenenti alle terre brune lisciviate, Podsol Bruni, ricchi di orizzonte A generato su substrato geologico acido (Gneiss e micascisti). La lettiera è spessa ed abbondante dove la copertura arborea è maggiore, in rapida decomposizione. La composizione vegetazionale erbacea è rappresentata dalla florula tipica con Asperula, Anemone, Oxalis ecc.","Fustaia di abete bianco e faggio con la partecipazione del castagno e della douglasia, in modo isolato sono presenti alcuni tigli. Nella parte alta della particella la struttura è biplana, il piano dominato è rappresentato da una spessina di abete b. danneggiata in parte dalle abbondanti nevicate. Nel complesso la stazione si presenta degradata a causa delle energiche utilizzazioni eseguite tra il 2009 ed il 2010. Si notano retrocessioni successionali per la forte presenza di rovi e ginestra dei carbonai. La parte bassa della particella è interessata da una fstaia dominante una spessina di abete e/o faggio ed abbondante rinnovazione.",
Serra,17,Serra-17,34,B,Fustaia,97,Vallone della Pietra,825,944,N,13,"Fascia fitoclimatica fagetum, suoli appartenenti alle terre brune lisciviate, Podsol Bruni, ricchi di orizzonte A generato su substrato geologico acido (Gneiss e micascisti). La lettiera è spessa ed abbondante dove la copertura arborea è maggiore, in rapida decomposizione. La composizione vegetazionale erbacea è rappresentata dalla florula tipica con Asperula, Anemone, Oxalis ecc.","Fustaia di abete bianco e faggio biplana. E' da segnalare la presenza del castagno, del faggio e della douglasia. Nelle aree dove è presente la fustaia biplana, il piano dominato è rappresentato da una spessina di abete b. Nella parte alta la fustaia si prenta monoplana. La parte bassa della particella è interessata da una fustaia dominante una spessina di abete ed abbondante rinnovazione.",
Serra,18,Serra-18,24.1,B,Fustaia,88,Vallone della Pietra II,845,1045,E,19,"Fascia fitoclimatica fagetum, suoli appartenenti alle terre brune lisciviate, Podsol Bruni, ricchi di orizzonte A generato su substrato geologico acido (Gneiss e micascisti). La lettiera è spessa ed abbondante dove la copertura arborea è maggiore, in rapida decomposizione. La composizione vegetazionale erbacea è rappresentata dalla florula tipica con Asperula, Anemone, Oxalis ecc.","Fustaia di abete bianco e faggio biplana. E' da segnalare la presenza del castagno, del faggio e della douglasia. Nelle aree dove è presente la fustaia biplana meno densa, il piano dominato è rappresentato da una spessina di abete b. In modo diffuso si trova abbondante agrifoglio e tasso.",
Serra,19,Serra-19,37,B,Fustaia,77,Pietra Bianca,975,1060,E,22,"Fascia fitoclimatica fagetum, suoli appartenenti alle terre brune lisciviate, Podsol Bruni, ricchi di orizzonte A generato su substrato geologico acido (Gneiss e micascisti). La lettiera è spessa ed abbondante dove la copertura arborea è maggiore, in rapida decomposizione. La composizione vegetazionale erbacea è rappresentata dalla florula tipica con Asperula, Anemone, Oxalis ecc.","La parte alta della particella è interessata da una fustaia monoplana di abete con ridotta partecipazione del faggio.La parte limitrofa della strada, una piccola parte, è interessata da una martellata in corso di utilizzazione. Sul resto della particella si trova una struttura biplana al cui piano dominante è presente l'abete e nel piano dominato una spessina di abete b. e faggio.",
Serra,20,Serra-20,13.6,B,Fustaia,90,La Stira,902,975,E,26,"Fascia fitoclimatica fagetum, suoli appartenenti alle terre brune lisciviate, Podsol Bruni, ricchi di orizzonte A generato su substrato geologico acido (Gneiss e micascisti). La lettiera è spessa ed abbondante dove la copertura arborea è maggiore, in rapida decomposizione. La composizione vegetazionale erbacea è rappresentata dalla florula tipica con Asperula, Anemone, Oxalis ecc.","Fascia fitoclimatica fagetum, suoli appartenenti alle terre brune lisciviate, Podsol Bruni, ricchi di orizzonte A generato su substrato geologico acido (Gneiss e micascisti); La lettiera e spessa ed abbondante dove la copertura arborea è maggiore, in rapida decomposizione; La composizione vegetazionale erbacea è rappresentata dalla florula tipica con Asperula, Anemone, Oxalis ecc.",
Serra,21,Serra-21,21,B,Fustaia,98,Vallone Ancinale,820,944,S,18,"Fascia fitoclimatica fagetum, suoli appartenenti alle terre brune lisciviate, Podsol Bruni, ricchi di orizzonte A generato su substrato geologico acido (Gneiss e micascisti). La lettiera è spessa ed abbondante dove la copertura arborea è maggiore, in rapida decomposizione. La composizione vegetazionale erbacea è rappresentata dalla florula tipica con Asperula, Anemone, Oxalis ecc.",Fustaia a struttura struttura biplana al cui piano dominante è presente l'abete e nel piano dominato una spessina di abete b. e faggio.,
Serra,22,Serra-22,26.7,B,Fustaia,83,La Stira II,902,1050,N,18,"Fascia fitoclimatica fagetum, suoli appartenenti alle terre brune lisciviate, Podsol Bruni, ricchi di orizzonte A generato su substrato geologico acido (Gneiss e micascisti). La lettiera è spessa ed abbondante dove la copertura arborea è maggiore, in rapida decomposizione. La composizione vegetazionale erbacea è rappresentata dalla florula tipica con Asperula, Anemone, Oxalis ecc.","Fascia fitoclimatica fagetum, suoli appartenenti alle terre brune lisciviate, Podsol Bruni, ricchi di orizzonte A generato su substrato geologico acido (Gneiss e micascisti); La lettiera e spessa ed abbondante dove la copertura arborea è maggiore, in rapida decomposizione; La composizione vegetazionale erbacea è rappresentata dalla florula tipica con Asperula, Anemone, Oxalis ecc.",
Serra,23,Serra-23,36.5,A,Fustaia,83,Spinello,850,1027,N,16,"Fascia fitoclimatica fagetum, suoli appartenenti alle terre brune lisciviate, Podsol Bruni, ricchi di orizzonte A generato su substrato geologico acido (Gneiss e micascisti). La lettiera è spessa ed abbondante dove la copertura arborea è maggiore, in rapida decomposizione. La composizione vegetazionale erbacea è rappresentata dalla florula tipica con Asperula, Anemone, Oxalis ecc.",La parte alta della particella è interessata da una giovane fustaia monoplana di abete b. con densità colma.Su aree ed a gruppi sono presenti nuclei di rinnovazione di abete e faggio. Non mancano tratti di fustaia del tipo biplano interessate da una recente martellata La parte dominata è rappresentata da una perticaia - spessina di abete e faggio.,
Serra,24,Serra-24,50.8,A,Fustaia,81,Catarinella,840,1050,N,18,"Fascia fitoclimatica fagetum, suoli appartenenti alle terre brune lisciviate, Podsol Bruni, ricchi di orizzonte A generato su substrato geologico acido (Gneiss e micascisti). La lettiera è spessa ed abbondante dove la copertura arborea è maggiore, in rapida decomposizione. La composizione vegetazionale erbacea è rappresentata dalla florula tipica con Asperula, Anemone, Oxalis ecc.","La parte alta della particella è interessata da una fustaia monoplana di abete b. con densità colma, con la partecipazione del faggio e del castagno, l'ontano non manca lungo il fondovalle. Il pino laricio e la douglasia sono presenti a piccoli gruppi, talvolta sparsi sulla superficie. Su aree ed a gruppi sono presenti nuclei di rinnovazione di abete e faggio. Non mancano tratti di fustaia del tipo biplano interessate da una recente martellata, in corso di utilizzazione. La parte dominata è rappresentata da una perticaia - spessina di abete e faggio.",
Serra,25,Serra-25,44.65,B,Fustaia,88,La Stura - Spinello,850,1025,N-O,27,"Fascia fitoclimatica fagetum, suoli appartenenti alle terre brune lisciviate, Podsol Bruni, ricchi di orizzonte A generato su substrato geologico acido (Gneiss e micascisti). La lettiera è spessa ed abbondante dove la copertura arborea è maggiore, in rapida decomposizione. La composizione vegetazionale erbacea è rappresentata dalla florula tipica con Asperula, Anemone, Oxalis ecc.","La parte alta della particella è interessata da una fustaia monoplana di abete b. utilizzata nel 2008-2009 con densità colma. Il pino laricio e la douglasia sono presenti a piccoli gruppi, talvolta sparsi sulla superficie. Nella parte bassa della particella insiste una fustaia mista di abete e faggio utilizzata nello stesso periodo della parte alta. Non manca l'ontano lungo i canaloni e qualche pianta di specie nobile come il ciliegio.",
Serra,26,Serra-26,19.35,A,Fustaia,88,Spinello,840,855,N-O,20,"Fascia fitoclimatica fagetum, suoli appartenenti alle terre brune lisciviate, Podsol Bruni, ricchi di orizzonte A generato su substrato geologico acido (Gneiss e micascisti). La lettiera è spessa ed abbondante dove la copertura arborea è maggiore, in rapida decomposizione. La composizione vegetazionale erbacea è rappresentata dalla florula tipica con Asperula, Anemone, Oxalis ecc.",Abetina con ridotta partecipazione del faggio a struttura monoplana con densità colma. Il soprassuolo è stato utilizzato nel 2009 - 2010 ed oggi si presenta abbastanza omogeneo e con strutture e composizioni uniformi.,
Serra,27,Serra-27,33.6,A,Fustaia,89,Tigani,830,950,N-O,16,"Fascia fitoclimatica fagetum, suoli appartenenti alle terre brune lisciviate, Podsol Bruni, ricchi di orizzonte A generato su substrato geologico acido (Gneiss e micascisti). La lettiera è spessa ed abbondante dove la copertura arborea è maggiore, in rapida decomposizione. La composizione vegetazionale erbacea è rappresentata dalla florula tipica con Asperula, Anemone, Oxalis ecc.","Fascia fitoclimatica fagetum, suoli appartenenti alle terre brune lisciviate, Podsol Bruni, ricchi di orizzonte A generato su substrato geologico acido (Gneiss e micascisti); La lettiera e spessa ed abbondante dove la copertura arborea è maggiore, in rapida decomposizione; La composizione vegetazionale erbacea è rappresentata dalla florula tipica con Asperula, Anemone, Oxalis ecc.",
Serra,28,Serra-28,17.45,A,Fustaia,80,Fellò - Bofalaro,838,900,O,17,"Fascia fitoclimatica fagetum, suoli appartenenti alle terre brune lisciviate, Podsol Bruni, ricchi di orizzonte A generato su substrato geologico acido (Gneiss e micascisti). La lettiera è spessa ed abbondante dove la copertura arborea è maggiore, in rapida decomposizione. La composizione vegetazionale erbacea è rappresentata dalla florula tipica con Asperula, Anemone, Oxalis ecc.","Fascia fitoclimatica fagetum, suoli appartenenti alle terre brune lisciviate, Podsol Bruni, ricchi di orizzonte A generato su substrato geologico acido (Gneiss e micascisti); La lettiera e spessa ed abbondante dove la copertura arborea è maggiore, in rapida decomposizione; La composizione vegetazionale erbacea è rappresentata dalla florula tipica con Asperula, Anemone, Oxalis ecc.",
Serra,29,Serra-29,10.02,A,Fustaia,75,Tigani II,915,995,N,15,"Fascia fitoclimatica fagetum, suoli appartenenti alle terre brune lisciviate, Podsol Bruni, ricchi di orizzonte A generato su substrato geologico acido (Gneiss e micascisti). La lettiera è spessa ed abbondante dove la copertura arborea è maggiore, in rapida decomposizione. La composizione vegetazionale erbacea è rappresentata dalla florula tipica con Asperula, Anemone, Oxalis ecc.",Abetina con ridotta partecipazione del faggio a struttura monoplana con densità colma. Il soprassuolo è stato utilizzato nel 2009 - 2010 ed oggi si presenta abbastanza omogeneo e con strutture e composizioni uniformi. E' stata riscontrata la presenza del pioppo tremulo e lungo il fondovalle domina la presenza dell'ontano.,
Fabrizia,1,Fabrizia-1,22.49,E,Fustaia,72,Croce dell'Abate,1020,1115,E,15,"Fascia fitoclimatica fagetum, suoli appartenenti alle terre brune lisciviate, Podsol Bruni, ricchi di orizzonte A generato su substrato geologico acido (Gneiss e micascisti). La lettiera è spessa ed abbondante dove la copertura arborea è maggiore, in rapida decomposizione. La composizione vegetazionale erbacea è rappresentata dalla florula tipica con Asperula, Anemone, Oxalis ecc.","Fustaia di faggio monoplana, mista a piccoli gruppi di pino laricio. Si nota la presenza dell' heterobasidium che causa frequenti sradicamenti a danno del faggio. Ampie zono sono interessate da feggeta pura e pinete pure di discrete superfici. All'interno della faggeta la rinnovazione è assente, mentre è abbondante la rinnovazione di pino, faggio, castagno e nuclei di abete all'interno della pineta ottenuti previa semina dopo il passaggio della ""culla"".",
Fabrizia,2,Fabrizia-2,30.39,E,Fustaia,62,L'Arena,1020,1105,O,13,"Fascia fitoclimatica fagetum, suoli appartenenti alle terre brune lisciviate, Podsol Bruni, ricchi di orizzonte A generato su substrato geologico acido (Gneiss e micascisti). La lettiera è spessa ed abbondante dove la copertura arborea è maggiore, in rapida decomposizione. La composizione vegetazionale erbacea è rappresentata dalla florula tipica con Asperula, Anemone, Oxalis ecc.","Fustaia di faggio monoplana, mista a piccoli gruppi di pino laricio, con rinnovazione di faggio sotto copertura. Si nota la presenza dell' heterobasidium che causa frequenti sradicamenti a danno del faggio. Nella parte bassa in prossimità del fosso, la struttura si presenta biplana, con il piano dominato costituito da una spessina- perticaia di abete bianco ben illuminata. L'intera particella è stata interessata da un taglio nel corso dell'anno 2010. In alcuni tratti è stato piuttosto intenso.",
Fabrizia,3,Fabrizia-3,32.47,E,Fustaia,67,Maranina,1011,1110,E,12,"Fascia fitoclimatica fagetum, suoli appartenenti alle terre brune lisciviate, Podsol Bruni, ricchi di orizzonte A generato su substrato geologico acido (Gneiss e micascisti). La lettiera è spessa ed abbondante dove la copertura arborea è maggiore, in rapida decomposizione. La composizione vegetazionale erbacea è rappresentata dalla florula tipica con Asperula, Anemone, Oxalis ecc.","Fustaia di faggio monoplana, mista a gruppi di pino laricio. Si nota la presenza dell' heterobasidium che causa frequenti sradicamenti a danno del faggio. Ampie zono sono interessate da feggeta pura e pinete pure di discrete superfici. All'interno della faggeta la rinnovazione è assente, mentre è abbondante la rinnovazione di pino, faggio, castagno e nuclei di abete all'interno della faggeta.",
Fabrizia,4,Fabrizia-4,27.1,E,Fustaia,62,I Limiti,995,1095,S,18,"Fascia fitoclimatica fagetum, suoli appartenenti alle terre brune lisciviate, Podsol Bruni, ricchi di orizzonte A generato su substrato geologico acido (Gneiss e micascisti). La lettiera è spessa ed abbondante dove la copertura arborea è maggiore, in rapida decomposizione. La composizione vegetazionale erbacea è rappresentata dalla florula tipica con Asperula, Anemone, Oxalis ecc.","Giovane fustaia di faggio con la partecipazione del pino laricio distribuito a piccoli gruppi. Nella parte più bassa della particella è stata riscontrata la presenza dell'ontano nero. La struttura è del tipo monoplano nella faggeta, mentre nella pineta avente densità di circa il 50% si presenta biplana con al piano dominato rinnovazione di faggio e castagno. Il pino si presenta anche uniformenente distribuito in pochi esemplari su tutta la superficie.",
Fabrizia,5a,Fabrizia-5a,25.19,E,Fustaia,69,I Limiti II,999,1071,E,14,"Fascia fitoclimatica fagetum, suoli appartenenti alle terre brune lisciviate, Podsol Bruni, ricchi di orizzonte A generato su substrato geologico acido (Gneiss e micascisti). La lettiera è spessa ed abbondante dove la copertura arborea è maggiore, in rapida decomposizione. La composizione vegetazionale erbacea è rappresentata dalla florula tipica con Asperula, Anemone, Oxalis ecc.","Giovane fustaia di faggio con la partecipazione del pino laricio distribuito a piccoli gruppi, presenza di nuclei di douglasia e pino laricio con densità varie per gruppo. Si riscontra la presenza di nuclei di fustaie a gruppi biplani poco diradati, sovratstanti giovani spessine di faggio, castagno e qualche abete.",
Fabrizia,5b,Fabrizia-5b,2.73,F,Ceduo,3,I Limiti II,1000,1032,E,14,"Fascia fitoclimatica fagetum, suoli appartenenti alle terre brune lisciviate, Podsol Bruni, ricchi di orizzonte A generato su substrato geologico acido (Gneiss e micascisti). La lettiera è spessa ed abbondante dove la copertura arborea è maggiore, in rapida decomposizione. La composizione vegetazionale erbacea è rappresentata dalla florula tipica con Asperula, Anemone, Oxalis ecc.","Ceduo di castagno matricinato con matricine rilasciate a circa 16 metri di distanza, mediamente una ceppaia contiene circa 5 polloni ed il numero delle ceppaie per ettaro è di circa 1600.",
Fabrizia,6,Fabrizia-6,11.52,E,Fustaia,61,I Limiti III,1025,1056,,6,"Fascia fitoclimatica fagetum, suoli appartenenti alle terre brune lisciviate, Podsol Bruni, ricchi di orizzonte A generato su substrato geologico acido (Gneiss e micascisti). La lettiera è spessa ed abbondante dove la copertura arborea è maggiore, in rapida decomposizione. La composizione vegetazionale erbacea è rappresentata dalla florula tipica con Asperula, Anemone, Oxalis ecc.","Nella parte alta della particella, giovane fustaia e perticaia di faggio a struttura monoplana. Presenza di rinnovazione agamica di faggio e castagno sparsa e sporadica con qualche accenno di rinnovazione di abete bianco, raro e talvolta fortemente aduggiato. E' presente qualche nucleo di abete bianco allo stadio di perticaia. Lungo il fosso è presente l'acero di monte, l'abete b. e la douglasia con strutture biplane, è presnte anche l'ontano nero.	",
Fabrizia,7a,Fabrizia-7a,12.57,E,Fustaia,68,Spaga,1004,1025,Varie,12,"Fascia fitoclimatica fagetum, suoli appartenenti alle terre brune lisciviate, Podsol Bruni, ricchi di orizzonte A generato su substrato geologico acido (Gneiss e micascisti). La lettiera è spessa ed abbondante dove la copertura arborea è maggiore, in rapida decomposizione. La composizione vegetazionale erbacea è rappresentata dalla florula tipica con Asperula, Anemone, Oxalis ecc.","In prossimità del fosso con esposizione ovest si trova una giovane fustaia di faggio a struttura monoplana con quache nucleo di abete bianco. La pineta di pino l. si presenta biplana con al piano dominato castagno, leccio e faggio. E' presente una fustaia biplana di abete b. con pino laricio sopra ceduo di castagno.",
Fabrizia,7b,Fabrizia-7b,1.3,F,Ceduo,3,Spaga,1004,1035,N,14,"Fascia fitoclimatica fagetum, suoli appartenenti alle terre brune lisciviate, Podsol Bruni, ricchi di orizzonte A generato su substrato geologico acido (Gneiss e micascisti). La lettiera è spessa ed abbondante dove la copertura arborea è maggiore, in rapida decomposizione. La composizione vegetazionale erbacea è rappresentata dalla florula tipica con Asperula, Anemone, Oxalis ecc.","Ceduo di castagno matricinato, utilizzato in epoche diverse. Si sono rilevate età di 8, 9, 15 e 4 anni. Le matricine sono state rilasciate ad una distanza di circa 12 metri, mediamente una ceppaia contiene dau 4 agli 8 polloni fino a raggiungere circa 12-15 polloni nella formazione più giovane. Il numero medio delle ceppaie per ettaro è di circa 1600.",
Fabrizia,8,Fabrizia-8,14.17,B,Fustaia,71,I Limiti IV,1016,1044,E,6,"Fascia fitoclimatica fagetum, suoli appartenenti alle terre brune lisciviate, Podsol Bruni, ricchi di orizzonte A generato su substrato geologico acido (Gneiss e micascisti). La lettiera è spessa ed abbondante dove la copertura arborea è maggiore, in rapida decomposizione. La composizione vegetazionale erbacea è rappresentata dalla florula tipica con Asperula, Anemone, Oxalis ecc.",Fustaia di abete bianco con partecipazione del faggio e del pino generalmente monoplana ma a tratti biplana dominante una spessina di abete bianco. Questa si presenta generalmente a gruppi talvolta aduggiati dalla soprastante fustaia.,
Fabrizia,9a,Fabrizia-9a,14.41,B,Fustaia,80,Bassa Maranina,990,1014,S-O,10,"Fascia fitoclimatica fagetum, suoli appartenenti alle terre brune lisciviate, Podsol Bruni, ricchi di orizzonte A generato su substrato geologico acido (Gneiss e micascisti). La lettiera è spessa ed abbondante dove la copertura arborea è maggiore, in rapida decomposizione. La composizione vegetazionale erbacea è rappresentata dalla florula tipica con Asperula, Anemone, Oxalis ecc.","Ampie aree della particella sono interessate da una fustaia di abete bianco di origine artificiale, monoplana, che si alterna a formazioni miste di pino laricio e abete misto adouglasia. Quest'ultima si presenta spesso con struttura biplana nel cui strato dominato si riscontra la presenza di leccio, castagno, faggio ed abete, in parte di origine agamica mai diradata. La particella è stata utilizzata nel 2009 ed in alcune aree si notano segni di regressione vegetazionale, marcata dalla presenza massiccia del rovo.",
Fabrizia,9b,Fabrizia-9b,5.93,F,Ceduo,3,Bassa Maranina,980,1014,S-O,10,"Fascia fitoclimatica fagetum, suoli appartenenti alle terre brune lisciviate, Podsol Bruni, ricchi di orizzonte A generato su substrato geologico acido (Gneiss e micascisti). La lettiera è spessa ed abbondante dove la copertura arborea è maggiore, in rapida decomposizione. La composizione vegetazionale erbacea è rappresentata dalla florula tipica con Asperula, Anemone, Oxalis ecc.","Ceduo di castagno matricinato, utilizzato nel 2005. Le matricine sono state rilasciate ad una distanza di circa 12 metri, mediamente una ceppaia contiene dai 4 agli 8 polloni fino a raggiungere circa 12-15 polloni nella formazione più giovane. Il numero medio delle ceppaie per ettaro è di circa 1600.",
Fabrizia,10a,Fabrizia-10a,7.44,A,Fustaia,27,Roccisano,990,1010,S,12,"Fascia fitoclimatica fagetum, suoli appartenenti alle terre brune lisciviate, Podsol Bruni, ricchi di orizzonte A generato su substrato geologico acido (Gneiss e micascisti). La lettiera è spessa ed abbondante dove la copertura arborea è maggiore, in rapida decomposizione. La composizione vegetazionale erbacea è rappresentata dalla florula tipica con Asperula, Anemone, Oxalis ecc.","Presenza di abetina di abete bianco mista a douglasia e pino laricio. Si in contrano spesso situazioni di fustaia bilana dominante formazioni di latifoglie quali il faggio ed il castagno. L'abetina pura si presenta fortemente degradata a causa dei forti attacchi di heterobasidium , che hanno determinato lo sradicamento di alcuni esemplari. In questa sitruazione si nota un principio di regressione vegetazionale a causa della presenza del rovo.",
Fabrizia,10b,Fabrizia-10b,28.04,F,Ceduo,3,Roccisano,1000,1028,S-E,9,"Fascia fitoclimatica fagetum, suoli appartenenti alle terre brune lisciviate, Podsol Bruni, ricchi di orizzonte A generato su substrato geologico acido (Gneiss e micascisti). La lettiera è spessa ed abbondante dove la copertura arborea è maggiore, in rapida decomposizione. La composizione vegetazionale erbacea è rappresentata dalla florula tipica con Asperula, Anemone, Oxalis ecc.","Ceduo di castagno matricinato, utilizzato nel 2002. Le matricine sono state rilasciate ad una distanza di circa 14 metri, mediamente una ceppaia contiene dai 4 agli 8 polloni fino a raggiungere circa 12-15 polloni nella formazione più giovane. Il numero medio delle ceppaie per ettaro è di circa 1300.",
Fabrizia,11a,Fabrizia-11a,26.19,D,Fustaia,65,Orologio,980,1035,N-E,9,"Fascia fitoclimatica fagetum, suoli appartenenti alle terre brune lisciviate, Podsol Bruni, ricchi di orizzonte A generato su substrato geologico acido (Gneiss e micascisti). La lettiera è spessa ed abbondante dove la copertura arborea è maggiore, in rapida decomposizione. La composizione vegetazionale erbacea è rappresentata dalla florula tipica con Asperula, Anemone, Oxalis ecc.","Pineta di origine artificiale a struttura monoplana utilizzata nel 2009. Sono presenti formazioni monoplane di abete bianco misto a douglasia, anche esse diradate nel 2009. Le piante si presentano rastremate.",
Fabrizia,11b,Fabrizia-11b,3.5,F,Ceduo,3,Orologio,1026,1054,N,6,"Fascia fitoclimatica fagetum, suoli appartenenti alle terre brune lisciviate, Podsol Bruni, ricchi di orizzonte A generato su substrato geologico acido (Gneiss e micascisti). La lettiera è spessa ed abbondante dove la copertura arborea è maggiore, in rapida decomposizione. La composizione vegetazionale erbacea è rappresentata dalla florula tipica con Asperula, Anemone, Oxalis ecc.","Ceduo di castagno matricinato, utilizzato nel 2004. Le matricine sono state rilasciate ad una distanza di circa 13 metri, mediamente una ceppaia contiene dai 4 agli 8 polloni fino a raggiungere circa 12-15 polloni nella formazione più giovane. Il numero medio delle ceppaie per ettaro è di circa 1400.",
Fabrizia,11c,Fabrizia-11c,10.78,A,Fustaia,35,Orologio,1035,1062,E,6,"Fascia fitoclimatica fagetum, suoli appartenenti alle terre brune lisciviate, Podsol Bruni, ricchi di orizzonte A generato su substrato geologico acido (Gneiss e micascisti). La lettiera è spessa ed abbondante dove la copertura arborea è maggiore, in rapida decomposizione. La composizione vegetazionale erbacea è rappresentata dalla florula tipica con Asperula, Anemone, Oxalis ecc.","Rimboschimento di abete bianco al sesto di mt 3x1 misto a zone con pineta di pino laricio con strutture monoplane. L'età media rilevata è di circa 28 anni. Un primo sfollo è già stato eseguito. Si notano all'interno della formazione alcune aree a densità scarsa, dovuta a mancato risarcimento. In queste zone si assiste regressione vegetazionale e alla presenza dei rovi.",
Fabrizia,12a,Fabrizia-12a,19.04,D,Fustaia,66,Angelella,870,1004,S-E,28,"Fascia fitoclimatica fagetum, suoli appartenenti alle terre brune lisciviate, Podsol Bruni, ricchi di orizzonte A generato su substrato geologico acido (Gneiss e micascisti). La lettiera è spessa ed abbondante dove la copertura arborea è maggiore, in rapida decomposizione. La composizione vegetazionale erbacea è rappresentata dalla florula tipica con Asperula, Anemone, Oxalis ecc.","Fustaia di Abete b, douglasia e pino laricio: spesso si presenta con struttura biplana dominante dei cedui di castagno, leccio e/o rinnovazione di abete o pino laricio allo stadio di spessina. Nei tratti in cui è presente la fustaia di faggio il piano dominato è formato da polloni di leccio e da spessina di faggio. Non mancano tratti di bosco misto di conifere e faggio in struttura biplana con al piano dominato spessine di abete e polloni di castagno.",
Fabrizia,12b,Fabrizia-12b,2.5,F,Ceduo,3,Angelella,958,1007,S-E,15,"Fascia fitoclimatica fagetum, suoli appartenenti alle terre brune lisciviate, Podsol Bruni, ricchi di orizzonte A generato su substrato geologico acido (Gneiss e micascisti). La lettiera è spessa ed abbondante dove la copertura arborea è maggiore, in rapida decomposizione. La composizione vegetazionale erbacea è rappresentata dalla florula tipica con Asperula, Anemone, Oxalis ecc.","Ceduo di castagno matricinato. Le matricine sono state rilasciate ad una distanza di circa 15 metri, mediamente una ceppaia contiene circa 14. Il numero medio delle ceppaie per ettaro è di circa 1400.",
Fabrizia,13a,Fabrizia-13a,12.1,D,Fustaia,68,Carè - Angelella,870,1020,S-E,22,"Fascia fitoclimatica fagetum, suoli appartenenti alle terre brune lisciviate, Podsol Bruni, ricchi di orizzonte A generato su substrato geologico acido (Gneiss e micascisti). La lettiera è spessa ed abbondante dove la copertura arborea è maggiore, in rapida decomposizione. La composizione vegetazionale erbacea è rappresentata dalla florula tipica con Asperula, Anemone, Oxalis ecc.","Fustaia di Abete b, douglasia e pino laricio: spesso con struttura monoplana a densità colma. A suolo si trova molta necromassa a causa della autopotatura, degli schianti e delle piante spezzate per eccessiva rastremazione dei tronchi. Questa porzione di bosco non è mai stata utilizzata in passato.La fustaia transitoria di faggio presenta una struttura monoplana, il grado di copertura varia da colmo a rado, con le conseguenze che nel secondo caso si assiste ad una regressione vetìgetazione con forte presenza di rovi e ginestre dei carbonai. Nei rimboschimenti è stata riscontrata la presenza di Pino strobo, Pino silvestre e nelle aree più degradate il pioppo tremulo.",
Fabrizia,13b,Fabrizia-13b,12.23,F,Ceduo,5,Carè - Angelella,840,1010,S-E,18,"Fascia fitoclimatica fagetum, suoli appartenenti alle terre brune lisciviate, Podsol Bruni, ricchi di orizzonte A generato su substrato geologico acido (Gneiss e micascisti). La lettiera è spessa ed abbondante dove la copertura arborea è maggiore, in rapida decomposizione. La composizione vegetazionale erbacea è rappresentata dalla florula tipica con Asperula, Anemone, Oxalis ecc.","Ceduo di castagno matricinato. Le matricine sono state rilasciate ad una distanza di circa 15 metri, mediamente una ceppaia contiene circa 4. Il numero medio delle ceppaie per ettaro è di circa 1400.",
Fabrizia,13c,Fabrizia-13c,4.8,F,Ceduo,8,Carè - Angelella,840,955,E,28,"Fascia fitoclimatica fagetum, suoli appartenenti alle terre brune lisciviate, Podsol Bruni, ricchi di orizzonte A generato su substrato geologico acido (Gneiss e micascisti). La lettiera è spessa ed abbondante dove la copertura arborea è maggiore, in rapida decomposizione. La composizione vegetazionale erbacea è rappresentata dalla florula tipica con Asperula, Anemone, Oxalis ecc.","Ceduo di leccio matricinato di circa 6 anni. Le matricine sono state rilasciate ad una distanza di circa 15 metri, mediamente una ceppaia contiene dai 20 ai 25 polloni. Il numero medio delle ceppaie per ettaro è di circa 1500.",
Fabrizia,14a,Fabrizia-14a,27.42,B,Fustaia,67,Lievoli - Angelella,830,1023,E,19,"Fascia fitoclimatica fagetum, suoli appartenenti alle terre brune lisciviate, Podsol Bruni, ricchi di orizzonte A generato su substrato geologico acido (Gneiss e micascisti). La lettiera è spessa ed abbondante dove la copertura arborea è maggiore, in rapida decomposizione. La composizione vegetazionale erbacea è rappresentata dalla florula tipica con Asperula, Anemone, Oxalis ecc.","La fustaia dominata dall' Abete b e pino laricio si presenta spesso con struttura monoplana a densità colma. A suolo si trova molta necromassa a causa della autopotatura, degli schianti e delle piante spezzate per eccessiva rastremazione dei tronchi o da attacchi di heterobasidium. La porzione di bosco dove vi è una forte presenza di douglasia, non è mai stata utilizzata in passato e si presenta a densità colma. Il resto della superficie boscata è stata utilizzata nel 2008-20009. La fustaia transitoria di faggio presenta una struttura monoplana, il grado di copertura varia da colmo a rado, con le conseguenze che nel secondo caso si assiste ad una regressione vetìgetazione con forte presenza di rovi e ginestre dei carbonai.",
Fabrizia,14b,Fabrizia-14b,14.58,F,Ceduo,8,Lievoli - Angelella,985,1023,E,7,"Fascia fitoclimatica fagetum, suoli appartenenti alle terre brune lisciviate, Podsol Bruni, ricchi di orizzonte A generato su substrato geologico acido (Gneiss e micascisti). La lettiera è spessa ed abbondante dove la copertura arborea è maggiore, in rapida decomposizione. La composizione vegetazionale erbacea è rappresentata dalla florula tipica con Asperula, Anemone, Oxalis ecc.","Ceduo di castagno matricinato. Le matricine sono state rilasciate ad una distanza di circa 13 metri, mediamente una ceppaia contiene circa 6. Il numero medio delle ceppaie per ettaro è di circa 1300.",
Capistrano,1,Capistrano-1,19,C,Fustaia,70,Serra del Pintauro,852,927,O,10,"Fascia fitoclimatica fagetum, suoli appartenenti alle terre brune lisciviate, Podsol Bruni, ricchi di orizzonte A generato su substrato geologico acido (Gneiss e micascisti). La lettiera è spessa ed abbondante dove la copertura arborea è maggiore, in rapida decomposizione. La composizione vegetazionale erbacea è rappresentata dalla florula tipica con Asperula, Anemone, Oxalis ecc.","Fustaia di Pino laricio monoplana, già utilizzata nel 2010. Nella parte alta nucleo di abete bianco con struttura monoplana, mediamnete denso. L'Heterobasidium ha provocato lo sradicamento di alcuni esemplari di abete. La copertura non eccesita sia della pineta che dell'abetina, ha permesso l'ingresso al rovo, provocando una regressione vegetazionale a scapito del raggiungimento del climax. In queste condizioni anche la rinnovazione di abete, diffusa sull'intera superficie, stenta ad affermarsi. Nella particella sono state realizzate num.5 aree sperrimentali per il taglio a buca, di cui num. 3 da 1200 mq e num. 2 da 750 mq.",
Capistrano,2,Capistrano-2,17.9,C,Fustaia,70,Serra del Pintauro II,835,885,O,12,"Fascia fitoclimatica fagetum, suoli appartenenti alle terre brune lisciviate, Podsol Bruni, ricchi di orizzonte A generato su substrato geologico acido (Gneiss e micascisti). La lettiera è spessa ed abbondante dove la copertura arborea è maggiore, in rapida decomposizione. La composizione vegetazionale erbacea è rappresentata dalla florula tipica con Asperula, Anemone, Oxalis ecc.","Fustaia di Pino laricio monoplana con ridotta partecipazione del faggio. Nella parte bassa, lungo i fossi la struttura è biplana. La fustaia di pino l., in quest'ultimo caso,domina formazioni miste di latifoglie affremate e ben illuminate a causa della densità del piano dominante, non eccessiva. La scarsa copertura della pineta, ha permesso l'ingresso al rovo, provocando una regressione vegetazionale a scapito del raggiungimento del climax. Sono da segnalare aree sperimentali trattate a taglio a raso, num. 3 da mq 1200 e num. 4 da 750 mq.",
Capistrano,3,Capistrano-3,20.6,D,Fustaia,61,Casarelle - Bufalo,780,877,O,12,"Fascia fitoclimatica fagetum, suoli appartenenti alle terre brune lisciviate, Podsol Bruni, ricchi di orizzonte A generato su substrato geologico acido (Gneiss e micascisti). La lettiera è spessa ed abbondante dove la copertura arborea è maggiore, in rapida decomposizione. La composizione vegetazionale erbacea è rappresentata dalla florula tipica con Asperula, Anemone, Oxalis ecc.","Nella parte alta della particella fustaia di Pino laricio monoplana, con grado di copertura scarso. Questo ha consentito l'ingresso dei rovi, per effetto delle intense utilizzazioni passate. Nella parte bassa dell aparticella insiste un soporassuolo misto di Pino, faggio ed abete bianco. Nella particella sono state realizzate num.4 aree sperimentali per il taglio a buca, di 1200 mq.",
Capistrano,4a,Capistrano-4a,6.7,C,Fustaia,67,Bufalo,840,890,N-O,8,"Fascia fitoclimatica fagetum, suoli appartenenti alle terre brune lisciviate, Podsol Bruni, ricchi di orizzonte A generato su substrato geologico acido (Gneiss e micascisti). La lettiera è spessa ed abbondante dove la copertura arborea è maggiore, in rapida decomposizione. La composizione vegetazionale erbacea è rappresentata dalla florula tipica con Asperula, Anemone, Oxalis ecc.","Fustaia mista di Pino laricio con abete bianco e faggio del tipo a struttura monoplana. Sono presenti nuclei di faggeta dominante polloni di faggio con buone densità. Nella pineta è stato riscontrata a causa della scarsa densità arborea, una regressione vagetazionale con l'invasione nel piano arbustivo del rovo.",
Capistrano,4b,Capistrano-4b,9.69,F,Ceduo,3,Bufalo,790,860,N-O,12,"Fascia fitoclimatica fagetum, suoli appartenenti alle terre brune lisciviate, Podsol Bruni, ricchi di orizzonte A generato su substrato geologico acido (Gneiss e micascisti). La lettiera è spessa ed abbondante dove la copertura arborea è maggiore, in rapida decomposizione. La composizione vegetazionale erbacea è rappresentata dalla florula tipica con Asperula, Anemone, Oxalis ecc.","Ceduo di castagno matricinato con matricine rilasciate a circa 16 metri di distanza, mediamente una ceppaia contiene circa 16 polloni ed il numero delle ceppaie per ettaro è di circa 1100, conseguentemente il numero dei polloni per ettaro è 17600. Sul piano dominante sono presenti piante di Castagno, faggio e pino strobo. Alcune matricine risultano stroncate a causa dell'azione dei venti.",
Capistrano,5a,Capistrano-5a,11.33,C,Fustaia,67,Bufalo II,818,881,O,8,"Fascia fitoclimatica fagetum, suoli appartenenti alle terre brune lisciviate, Podsol Bruni, ricchi di orizzonte A generato su substrato geologico acido (Gneiss e micascisti). La lettiera è spessa ed abbondante dove la copertura arborea è maggiore, in rapida decomposizione. La composizione vegetazionale erbacea è rappresentata dalla florula tipica con Asperula, Anemone, Oxalis ecc.","Fustaia mista di Pino laricio con abete bianco del tipo a struttura monoplana. Sono presenti nuclei di fustaia di pinol. dominante polloni di faggio con buone densità. Nella pineta è stato riscontrata a causa della scarsa densità arborea, una regressione vagetazionale con l'invasione nel piano arbustivo del rovo.",
Capistrano,5b,Capistrano-5b,5.12,F,Ceduo,3,Bufalo II,810,865,O,14,"Fascia fitoclimatica fagetum, suoli appartenenti alle terre brune lisciviate, Podsol Bruni, ricchi di orizzonte A generato su substrato geologico acido (Gneiss e micascisti). La lettiera è spessa ed abbondante dove la copertura arborea è maggiore, in rapida decomposizione. La composizione vegetazionale erbacea è rappresentata dalla florula tipica con Asperula, Anemone, Oxalis ecc.","Ceduo di castagno matricinato con matricine rilasciate a circa 18 metri di distanza, mediamente una ceppaia contiene circa 10 polloni ed il numero delle ceppaie per ettaro è di circa 1400, conseguentemente il numero dei polloni per ettaro è 17600. Sul piano dominante sono presenti piante di Castagno, faggio e pino strobo. Alcune matricine risultano stroncate a causa dell'azione dei venti.",
Capistrano,6a,Capistrano-6a,13.86,B,Fustaia,62,Case Bufalorio,758,840,S-O,8,"Fascia fitoclimatica fagetum, suoli appartenenti alle terre brune lisciviate, Podsol Bruni, ricchi di orizzonte A generato su substrato geologico acido (Gneiss e micascisti). La lettiera è spessa ed abbondante dove la copertura arborea è maggiore, in rapida decomposizione. La composizione vegetazionale erbacea è rappresentata dalla florula tipica con Asperula, Anemone, Oxalis ecc.","Fustaia monoplana mista di Pino laricio con abete bianco, pino l, douglasia e acero di monte. Lungo il fosso è presente una alneta. Sono presenti nuclei di fustaia dominante polloni di castagno con buone densità. Nella pineta è stato riscontrata a causa della scarsa densità arborea, una regressione vagetazionale con l'invasione nel piano arbustivo del rovo.",
Capistrano,6b,Capistrano-6b,6,F,Ceduo,3,Case Bufalorio,721,828,S,16,"Fascia fitoclimatica fagetum, suoli appartenenti alle terre brune lisciviate, Podsol Bruni, ricchi di orizzonte A generato su substrato geologico acido (Gneiss e micascisti). La lettiera è spessa ed abbondante dove la copertura arborea è maggiore, in rapida decomposizione. La composizione vegetazionale erbacea è rappresentata dalla florula tipica con Asperula, Anemone, Oxalis ecc.","Ceduo di castagno matricinato con matricine rilasciate a circa 18 metri di distanza, mediamente una ceppaia contiene circa 10 polloni ed il numero delle ceppaie per ettaro è di circa 1400, conseguentemente il numero dei polloni per ettaro è 17600. Sul piano dominante sono presenti piante di Castagno, faggio e douglasia.",
Capistrano,7a,Capistrano-7a,1.2,C,Fustaia,66,Casarelle I,770,820,O,16,"Fascia fitoclimatica fagetum, suoli appartenenti alle terre brune lisciviate, Podsol Bruni, ricchi di orizzonte A generato su substrato geologico acido (Gneiss e micascisti). La lettiera è spessa ed abbondante dove la copertura arborea è maggiore, in rapida decomposizione. La composizione vegetazionale erbacea è rappresentata dalla florula tipica con Asperula, Anemone, Oxalis ecc.","Nuclei di Pino laricio con abete bianco e faggio del tipo a struttura monoplana. Questa formazione forestale in alcuni tratti domina il ceduo di castagno. Nella pineta è stato riscontrata a causa della scarsa densità arborea, una regressione vagetazionale con l'invasione nel piano arbustivo del rovo.",
Capistrano,7b,Capistrano-7b,6.05,F,Ceduo,3,Casarelle I,760,815,N-O,16,"Fascia fitoclimatica fagetum, suoli appartenenti alle terre brune lisciviate, Podsol Bruni, ricchi di orizzonte A generato su substrato geologico acido (Gneiss e micascisti). La lettiera è spessa ed abbondante dove la copertura arborea è maggiore, in rapida decomposizione. La composizione vegetazionale erbacea è rappresentata dalla florula tipica con Asperula, Anemone, Oxalis ecc.","Ceduo di castagno matricinato ( 60/ha), mediamente una ceppaia contiene circa 16 polloni ed il numero delle ceppaie per ettaro è di circa 1400. Sul piano dominante sono presenti piante di Castagno e douglasia. Alcune matricine risultano stroncate a causa dell'azione dei venti.",
Capistrano,8a,Capistrano-8a,3,C,Fustaia,63,Case Bufalorio - Casarelle,770,835,N-O,16,"Fascia fitoclimatica fagetum, suoli appartenenti alle terre brune lisciviate, Podsol Bruni, ricchi di orizzonte A generato su substrato geologico acido (Gneiss e micascisti). La lettiera è spessa ed abbondante dove la copertura arborea è maggiore, in rapida decomposizione. La composizione vegetazionale erbacea è rappresentata dalla florula tipica con Asperula, Anemone, Oxalis ecc.","Nuclei di Pino laricio con abete bianco e faggio del tipo a struttura monoplana. Questa formazione forestale in alcuni tratti domina il ceduo di castagno. Nella pineta è stato riscontrata a causa della scarsa densità arborea, una regressione vagetazionale con l'invasione nel piano arbustivo del rovo.",
Capistrano,8b,Capistrano-8b,13.2,F,Ceduo,3,Case Bufalorio - Casarelle,760,840,O,16,"Fascia fitoclimatica fagetum, suoli appartenenti alle terre brune lisciviate, Podsol Bruni, ricchi di orizzonte A generato su substrato geologico acido (Gneiss e micascisti). La lettiera è spessa ed abbondante dove la copertura arborea è maggiore, in rapida decomposizione. La composizione vegetazionale erbacea è rappresentata dalla florula tipica con Asperula, Anemone, Oxalis ecc.","Ceduo di castagno matricinato (50/ha), mediamente una ceppaia contiene circa 15 polloni ed il numero delle ceppaie per ettaro è di circa 1400. Sul piano dominante sono presenti piante di Castagno e Pino laricio.",
Capistrano,9a,Capistrano-9a,3,D,Fustaia,49,Casarelle II,700,770,N-O,18,"Fascia fitoclimatica fagetum, suoli appartenenti alle terre brune lisciviate, Podsol Bruni, ricchi di orizzonte A generato su substrato geologico acido (Gneiss e micascisti). La lettiera è spessa ed abbondante dove la copertura arborea è maggiore, in rapida decomposizione. La composizione vegetazionale erbacea è rappresentata dalla florula tipica con Asperula, Anemone, Oxalis ecc.","Nella parte alta della particella, fustaia di Pino laricio monoplana, con grado di copertura scarso, mista a faggio e castagno con presenza di conifere . La formazione di alterna ail ceduo di castagno che domina tutto resto della particella.",
Capistrano,9b,Capistrano-9b,9.5,F,Ceduo,3,Casarelle II,660,775,N-O,27,"Fascia fitoclimatica fagetum, suoli appartenenti alle terre brune lisciviate, Podsol Bruni, ricchi di orizzonte A generato su substrato geologico acido (Gneiss e micascisti). La lettiera è spessa ed abbondante dove la copertura arborea è maggiore, in rapida decomposizione. La composizione vegetazionale erbacea è rappresentata dalla florula tipica con Asperula, Anemone, Oxalis ecc.","Ceduo di castagno matricinato (50/ha), mediamente una ceppaia contiene circa 10 polloni ed il numero delle ceppaie per ettaro è di circa 1300. Sul piano dominante sono presenti piante di Castagno e Pino laricio.",
Capistrano,10a,Capistrano-10a,3.8,F,Ceduo,62,Fosso Bufalorio,675,775,S-O,15,"Fascia fitoclimatica fagetum, suoli appartenenti alle terre brune lisciviate, Podsol Bruni, ricchi di orizzonte A generato su substrato geologico acido (Gneiss e micascisti). La lettiera è spessa ed abbondante dove la copertura arborea è maggiore, in rapida decomposizione. La composizione vegetazionale erbacea è rappresentata dalla florula tipica con Asperula, Anemone, Oxalis ecc.","Fustaia monoplana mista di Pino laricio con abete bianco, pino l, douglasia e acero di monte. Lungo il fosso è presente una alneta. Sono presenti nuclei di fustaia dominante polloni di castagno con buone densità. Nella pineta è stato riscontrata a causa della scarsa densità arborea, una regressione vagetazionale con l'invasione nel piano arbustivo del rovo.",
Capistrano,10b,Capistrano-10b,13.5,F,Ceduo,4,Fosso Bufalorio,710,800,S-O,15,"Fascia fitoclimatica fagetum, suoli appartenenti alle terre brune lisciviate, Podsol Bruni, ricchi di orizzonte A generato su substrato geologico acido (Gneiss e micascisti). La lettiera è spessa ed abbondante dove la copertura arborea è maggiore, in rapida decomposizione. La composizione vegetazionale erbacea è rappresentata dalla florula tipica con Asperula, Anemone, Oxalis ecc.","Ceduo di castagno matricinato ( 50/ha), mediamente una ceppaia contiene circa 10 polloni ed il numero delle ceppaie per ettaro è di circa 1400. Sul piano dominante sono presenti piante di Castagno e Pino laricio.",
Capistrano,11a,Capistrano-11a,5.3,F,Ceduo,3,Casarelle - Casa del Prete,710,765,O,15,"Fascia fitoclimatica fagetum, suoli appartenenti alle terre brune lisciviate, Podsol Bruni, ricchi di orizzonte A generato su substrato geologico acido (Gneiss e micascisti). La lettiera è spessa ed abbondante dove la copertura arborea è maggiore, in rapida decomposizione. La composizione vegetazionale erbacea è rappresentata dalla florula tipica con Asperula, Anemone, Oxalis ecc.","Fustaia monoplana mista di Pino laricio con abete bianco, pino l, douglasia e acero di monte. Lungo il fosso è presente una alneta. Sono presenti nuclei di fustaia dominante polloni di castagno con buone densità. Nella pineta è stato riscontrata a causa della scarsa densità arborea, una regressione vagetazionale con l'invasione nel piano arbustivo del rovo.",
Capistrano,11b,Capistrano-11b,11.64,F,Ceduo,3,Casarelle - Casa del Prete,620,770,N-O,24,"Fascia fitoclimatica fagetum, suoli appartenenti alle terre brune lisciviate, Podsol Bruni, ricchi di orizzonte A generato su substrato geologico acido (Gneiss e micascisti). La lettiera è spessa ed abbondante dove la copertura arborea è maggiore, in rapida decomposizione. La composizione vegetazionale erbacea è rappresentata dalla florula tipica con Asperula, Anemone, Oxalis ecc.","Ceduo di castagno matricinato (50/ha), mediamente una ceppaia contiene circa 14 polloni ed il numero delle ceppaie per ettaro è di circa 1400. Sul piano dominante sono presenti piante di Castagno e Pino laricio. È presente circa 1 ha di superficie interessato da un ceduo di castagno circa 18 anni.",
Capistrano,12a,Capistrano-12a,16.75,D,Fustaia,69,Il Confine,650,735,N,18,"Fascia fitoclimatica fagetum, suoli appartenenti alle terre brune lisciviate, Podsol Bruni, ricchi di orizzonte A generato su substrato geologico acido (Gneiss e micascisti). La lettiera è spessa ed abbondante dove la copertura arborea è maggiore, in rapida decomposizione. La composizione vegetazionale erbacea è rappresentata dalla florula tipica con Asperula, Anemone, Oxalis ecc.","Fustaia monoplana di Pino laricio pura nella parte alta della particella, da qui continua sull'altro versante esposto a nord, fino alla strada che porta al capannone. Sotto copertura dominano incontrastati il rovo e le felci. Il soprassuolo è stato utilizzato di recente. Lungo il fosso al confine di proprietà dominano il faggio ed il pino laricio in formazione mista con strutture monoplane. La parte più alta della particella è interessta da rimboschimenti.	",
Capistrano,12b,Capistrano-12b,4.3,A,Fustaia,30,Il Confine,720,771,N-O,7,"Fascia fitoclimatica fagetum, suoli appartenenti alle terre brune lisciviate, Podsol Bruni, ricchi di orizzonte A generato su substrato geologico acido (Gneiss e micascisti). La lettiera è spessa ed abbondante dove la copertura arborea è maggiore, in rapida decomposizione. La composizione vegetazionale erbacea è rappresentata dalla florula tipica con Asperula, Anemone, Oxalis ecc.","Formazione proveniente da impianto realizzato nel 1993. Il soprassuolo si presenta monoplano, costituito da abete bianco, abete rosso, douglasia e pino laricio. Non mancano individui di origine naturale quali il castagno, l'ontano napoletano. La densità del popolamento forestale di neoformazione si presenta eccessivamente denso.",
Capistrano,13,Capistrano-13,13,B,Fustaia,30,La Croce - Angitola,579,650,N,18,"Fascia fitoclimatica fagetum, suoli appartenenti alle terre brune lisciviate, Podsol Bruni, ricchi di orizzonte A generato su substrato geologico acido (Gneiss e micascisti). La lettiera è spessa ed abbondante dove la copertura arborea è maggiore, in rapida decomposizione. La composizione vegetazionale erbacea è rappresentata dalla florula tipica con Asperula, Anemone, Oxalis ecc.","Lungo la linea di confine tra le particelle 12 e 13 insiste una fustaia di pino laricio piuttosto degradata a causa degli interventi selvicolturali molto intensi. La struttura è del tipo monoplana con densità del 60%. Il ceduo di castagno semplice del tipo matricinato con un sesto di circa 16 metri di distanza, mediamente una ceppaia contiene circa il diamentro medio dei polloni è di circa 7 cm e quello delle matricine di circa cm 20, il numero delle ceppaie per ettaro è di circa 1400. Il ceduo ha una età media di circa 10 anni mentre la fustaia di pino di circa 40.",
Capistrano,14a,Capistrano-14a,6,C,Fustaia,18,Batia - Angitola,610,650,O,3,"Fascia fitoclimatica fagetum, suoli appartenenti alle terre brune lisciviate, Podsol Bruni, ricchi di orizzonte A generato su substrato geologico acido (Gneiss e micascisti). La lettiera è spessa ed abbondante dove la copertura arborea è maggiore, in rapida decomposizione. La composizione vegetazionale erbacea è rappresentata dalla florula tipica con Asperula, Anemone, Oxalis ecc.","Fustaia monoplana di origine artificiale di pinus radiata, abete rosso, con, ai margini del bosco, l'ontano napoletano. Sotto la fustaia, previa aratura con la ""culla"" sono stati seminati dei filari di abete bianco. Questi si presentano molto densi e successivamente saranno trapiantati con l'ausilio di uno scavatore in altre aree della formazione. E' da segnalare la missiccia presenza dei rovi.",
Capistrano,14b,Capistrano-14b,19.3,F,Ceduo,5,Batia - Angitola,550,690,N-O,8,"Fascia fitoclimatica fagetum, suoli appartenenti alle terre brune lisciviate, Podsol Bruni, ricchi di orizzonte A generato su substrato geologico acido (Gneiss e micascisti). La lettiera è spessa ed abbondante dove la copertura arborea è maggiore, in rapida decomposizione. La composizione vegetazionale erbacea è rappresentata dalla florula tipica con Asperula, Anemone, Oxalis ecc.","La parte bassa della particella è stata rimboschita con specie varie, ciliegi, aceri, ontani, abete rosso e cedri. Ai lati della strada insiste una pineta di pinuo radiata di circa 28 anni, costituito da piante piuttosto rastremate avente una densità media di circa il 75%. Lungo il fosso che segna il confine tra le particelle n. 14 e 15 vi è un rimboschimento di abete b. Il ceduo di castagno semplice del tipo matricinato con un sesto di circa 14 metri di distanza, mediamente una ceppaia contiene circa il diamentro medio dei polloni è di circa 7 cm e quello delle matricine di circa cm 20, il numero delle ceppaie per ettaro è di circa 1400. Il ceduo ha una età media di circa 10 anni.",
Capistrano,15,Capistrano-15,21.16,C,Fustaia,18,Batia - Foresta,580,725,O,8,"Fascia fitoclimatica fagetum, suoli appartenenti alle terre brune lisciviate, Podsol Bruni, ricchi di orizzonte A generato su substrato geologico acido (Gneiss e micascisti). La lettiera è spessa ed abbondante dove la copertura arborea è maggiore, in rapida decomposizione. La composizione vegetazionale erbacea è rappresentata dalla florula tipica con Asperula, Anemone, Oxalis ecc.","La parte bassa della particella è stata rimboschita con ontano napoletano e abete bianco attualmente si trovano allo stadio di spessina adulta; la parte intermedia della particella, interposta tra i rimboschimenti ed il ceduo di castagno posto nella parte più alta, si trova una pineta di pino radiata sopra ceduo di castagno. Il ceduo di castagno semplice del tipo matricinato con un sesto di circa 15 metri di distanza, mediamente una ceppaia contiene circa il diamentro medio dei polloni è di circa 5 cm e quello delle matricine di circa cm 20, il numero delle ceppaie per ettaro è di circa 1400. Il ceduo ha una età media di circa 7 anni",
Capistrano,16a,Capistrano-16a,11.4,D,Fustaia,35,Foresta,690,725,O,10,"Fascia fitoclimatica fagetum, suoli appartenenti alle terre brune lisciviate, Podsol Bruni, ricchi di orizzonte A generato su substrato geologico acido (Gneiss e micascisti). La lettiera è spessa ed abbondante dove la copertura arborea è maggiore, in rapida decomposizione. La composizione vegetazionale erbacea è rappresentata dalla florula tipica con Asperula, Anemone, Oxalis ecc.",Fustaia monoplana di Pino laricio con abete e douglasia. Sotto copertura dominano incontrastati il rovo e le felci. Il soprassuolo è stato utilizzato di recente. Lungo il fosso al confine di proprietà dominano il faggio ed il pino laricio in formazione mista con strutture monoplane. La parte più alta della particella è interessta da rimboschimenti.,
Capistrano,16b,Capistrano-16b,7,A,Fustaia,18,Foresta,690,755,O,10,"Fascia fitoclimatica fagetum, suoli appartenenti alle terre brune lisciviate, Podsol Bruni, ricchi di orizzonte A generato su substrato geologico acido (Gneiss e micascisti). La lettiera è spessa ed abbondante dove la copertura arborea è maggiore, in rapida decomposizione. La composizione vegetazionale erbacea è rappresentata dalla florula tipica con Asperula, Anemone, Oxalis ecc.","Formazione proveniente da impianto realizzato nel 1993. Il soprassuolo si presenta monoplano, costituito da abete bianco, abete rosso, douglasia e pino laricio. Non mancano individui di origine naturale quali il castagno, l'ontano napoletano. La densità del popolamento forestale di neoformazione si presenta eccessivamente densa.",
Capistrano,16c,Capistrano-16c,0.5,C,Fustaia,72,Foresta,690,775,O,10,"Fascia fitoclimatica fagetum, suoli appartenenti alle terre brune lisciviate, Podsol Bruni, ricchi di orizzonte A generato su substrato geologico acido (Gneiss e micascisti). La lettiera è spessa ed abbondante dove la copertura arborea è maggiore, in rapida decomposizione. La composizione vegetazionale erbacea è rappresentata dalla florula tipica con Asperula, Anemone, Oxalis ecc.","Ceduo di castagno matricinato (50/ha), mediamente una ceppaia contiene circa 5 polloni ed il numero delle ceppaie per ettaro è di circa 1400. Sul piano dominante sono presenti piante di Castagno e Pino laricio. La superficie di riferimento non è cartografabile.",Non presente sul piano di Roberto
Capistrano,17a,Capistrano-17a,14.65,F,Ceduo,3,Foresta II,585,690,O-S-O,12,"Fascia fitoclimatica fagetum, suoli appartenenti alle terre brune lisciviate, Podsol Bruni, ricchi di orizzonte A generato su substrato geologico acido (Gneiss e micascisti). La lettiera è spessa ed abbondante dove la copertura arborea è maggiore, in rapida decomposizione. La composizione vegetazionale erbacea è rappresentata dalla florula tipica con Asperula, Anemone, Oxalis ecc.","Ceduo di castagno matricinato (50/ha), mediamente una ceppaia contiene circa 5 polloni ed il numero delle ceppaie per ettaro è di circa 1400. Sul piano dominante sono presenti piante di Castagno, Pino laricio, Pino marittimo e Pino radiata. E' presente una porzione di superficie percorsa da incendio, oggi occupata da un ceduo di 2 anni. In alcune radure di queste aree sono stati realizzati dei rinfoltimenti con abete b. e douglasia non bene affermati.",
Capistrano,17b,Capistrano-17b,3.65,A,Fustaia,25,Foresta II,585,635,O,8,"Fascia fitoclimatica fagetum, suoli appartenenti alle terre brune lisciviate, Podsol Bruni, ricchi di orizzonte A generato su substrato geologico acido (Gneiss e micascisti). La lettiera è spessa ed abbondante dove la copertura arborea è maggiore, in rapida decomposizione. La composizione vegetazionale erbacea è rappresentata dalla florula tipica con Asperula, Anemone, Oxalis ecc.",Rimboschimento di abete bianco realizzato nel 1994 al sesto di mt 1x3. Si presenta eccessivamente denso ed ha una struttura monoplana.,
